33;65;96;58;33;48;92;10;63;46;77;69;62;35;80;24;65;82;90;54;28;12;20;34;67;81;75;59;2;93;3;55;29;43;99;21;30;59;60;35;100;16;7;5;31;31;4;44;22;12;38;23;23;61;86;74;87;82;45;17;24;94;100;5;14;55;15;59;69;16;79;31;23;79;27;1;35;66;66;26;49;92;85;18;14;53;60;38;83;69;57;94;96;88;91;84;3;93;18;92;46;50;65;6;6;22;81;68
39;72;72;32;61;13;91;70;23;56;68;82;64;43;61;6;79;63;76;78;88;87;15;71;27;74;2;67;15;93;56;73;81;30;78;45;74;83;71;50;49;36;73;81;92;41;13;91;41;49;10;37;4;62;87;74;1;44;63;61;54;83;66;88;85;5;26;41;62;13;12;11;1;36;4;72;15;11;64;24;92;66;57;95;82;32;57;76;19;61;99;97;56;33;1;49;55;40;35;94;64;15;66;48;99;69;77;3;85;65;70;56
25;97;80;49;92;84;52;2;10;87;70;35;27;18;93;21;67;85;11;87;38;12;65;33;4;34;70;38;66;60;39;85;83;63;45;100;70;93;37;56;39;60;83;93;12;45;79;83;75;59;81;99;49;67;56;68;39;58;2;44;86;80;28;86;8;48;40;89;9;50;76;63;87;75;4;66;65;74;80;23;42;44;89;49;45;92;3;48;68;7;49;55;95;52;34;79;8;79;63;83;61;51;87;84;46;7;96;88;99;52;20;78;70;41;18;44;38;5;86;50;52;47;59;39;21;37;71;96;76;6;13;44;69;21;69;83;23;49;73;11;50;50;63
61;4;73;67;42;63;58;34;91;31;72;4;61;29;34;34;86;4;8;48;83;20;23;49;59;22;49;11;5;7;20;32;40;64;65;2;64;62;38;53;17;51;17;40;1;45;23;29;50;68;48;70;33;80;32;32;94;97;27;57;4;35;6;38;2;80;94;69;1;57;51;4;46;69;90;60;72;65;56;38;40;36;31;81;54;76;31;8;27;67;45;76;93;71;90;70;4;37;99;44;1;81;22;6;84;60;67;95;83;65;12;46;27
52;60;42;8;48;76;16;82;57;28;50;68;94;42;3;55;95;42;91;58;95;7;51;55;81;26;77;51;3;46;16;35;12;2;92;64;85;83;92;30;84;70;56;74;57;69;27;51;2;84;15;96;34;91;37;13;39;12;17;42;81;1;84;68;22;4;71;22;96;98;57;62;80;92;42;25;45;73;79;74;90;99;30;39;15;41;58;64;2;50;50;57;72;27;30;48;75;9;25;58;32;21;81;19;69;59;48;84;96;28;44;23;76;46;68;46;11;28;78;21
90;24;6;90;46;96;10;49;18;85;70;4;22;31;12;64;58;89;66;83;20;51;3;32;83;48;6;76;63;69;54;16;36;97;88;14;39;25;30;43;64;84;92;100;89;43;74;40;32;50;45;93;93;17;52;2;81;20;2;48;62;5;56;41;96;93;78;75;24;31;99;25;56;66;41;46;91;95;83;11;25;58;67;84;4;90;86;68;88;69;22;52;18;16;76;1;10;22;1;19;25;57;91;69;84;23;83;62;66;36;49;91;90;29;53;31;53;66;71;2;50;36;18;4;48;10;100;98;17;71;81;1;68;45;10;45;59;9;84;2;54;92;67;31;35
84;22;46;49;63;58;65;2;45;13;58;22;91;4;76;60;18;68;34;32;70;63;67;36;11;9;49;42;70;32;46;25;69;17;57;31;20;73;93;17;97;21;11;86;19;20;92;6;42;39;46;81;46;12;67;75;82;71;81;69;85;19;33;59;100;83;91;76;13;12;15;3;13;74;17;37;32;63;86;15;44;31;6;83;59;38;9;31;46;44;99;40;35;39;52;19;91;44;67;97;59;21;44;5;1;42;49;66;62;49;42;48;57;42;56;85;63;5;15;64;84;13;30;69;63;2;31;79;59;61;97;21;19;11;13;49;25;44;37;61;28;54;32;12;60;99;71
22;24;37;74;100;15;93;52;21;51;63;10;41;62;72;62;49;19;36;57;95;31;18;34;84;90;17;95;71;15;40;77;86;68;47;53;63;61;78;59;38;41;34;96;79;38;95;90;44;1;1;78;97;92;20;52;14;43;77;67;86;18;100;80;15;42;22;52;47;9;70;72;31;23;34;96;96;68;7;45;34;68;8;21;65;33;32;58;100;97;20;96;35;82;33;98;14;30;40;59;65;70;56;25;33;98;46;79;90;78;63;6;45;61;78;63;79;36;1
26;56;2;62;68;6;49;22;30;97;64;71;1;28;22;44;17;99;81;81;56;96;22;93;30;28;32;25;63;42;23;58;90;64;27;86;78;68;36;11;79;55;32;55;21;11;76;68;40;26;64;78;14;41;94;83;40;18;6;84;45;33;27;63;25;73;100;7;31;70;66;66;23;88;82;5;33;69;60;70;68;81;23;25;43;63;40;68;82;14;56;95;10;85;15;20;28;72;13;24;92
79;90;22;52;47;55;27;29;97;74;83;18;94;8;79;57;8;47;92;72;95;55;54;29;29;17;14;24;7;67;12;98;98;44;87;79;94;5;95;27;72;27;43;36;55;13;14;72;45;49;12;9;82;28;41;85;59;25;75;75;64;80;76;13;57;57;100;8;46;66;24;98;93;31;50;64;69;21;14;40;45;52;32;13;46;24;52;24;17;79;33;5;84;71;23;80;36;56;81;62;43;36;79;95;21;96;80
58;37;43;30;54;85;46;84;3;49;4;16;97;9;78;6;32;36;99;89;88;67;83;96;42;26;51;43;28;92;17;96;89;44;82;83;59;45;80;65;92;98;76;20;46;12;56;42;95;30;14;51;60;93;25;11;8;4;37;7;58;96;6;76;71;68;91;67;18;35;95;38;93;35;91;57;54;84;17;65;88;19;100;25;75;62;11;56;60;5;31;5;97;8;53;22;43;20;58;31;7;27;86;20;3;23;43;38;53;46;90;39;54;61;37;1;57;11;24;4;70;1;95;69;30;37;20;51;37;81;70;75;15;32;100;28;99;55;23;40;25;33
63;39;38;20;97;99;8;75;33;39;35;16;12;100;62;50;50;48;47;94;37;32;70;24;31;28;26;95;99;80;77;85;68;18;69;48;2;50;89;75;45;87;23;25;38;47;52;84;47;49;27;80;94;70;62;74;22;11;93;1;93;53;26;76;86;25;26;19;82;17;51;35;91;7;47;34;84;76;33;91;73;72;90;41;35;25;73;85;72;67;30;100;36;78;9;66;70;50;78;23;36;12;69;91;56;94;37
39;32;24;83;2;75;61;42;41;64;71;8;25;85;68;75;44;32;89;70;38;80;47;89;70;24;7;17;22;20;77;58;77;98;43;81;85;19;55;39;33;49;63;1;1;8;58;42;14;42;3;17;98;9;36;88;49;11;29;99;79;50;74;49;100;92;69;27;85;99;90;67;32;20;69;1;7;77;7;48;49;49;11;19;70;20;48;93;79;6;24;51;45;71;92;3;34;60;98;84;93;29;90;74;95;73;96;7;43;50;10;67;62;29;10;64;100;61;15;47;71;86;74;87;62;1;43;22;19;73;17;12;49;49;21;51;80;13;5;41;69;78;61
33;13;72;27;99;77;81;76;11;38;91;4;36;63;89;22;18;48;3;40;9;87;8;12;60;83;91;51;11;39;4;37;8;33;86;29;22;95;15;6;48;77;54;22;76;42;74;91;36;64;66;6;49;82;26;99;49;24;81;35;33;10;30;40;74;75;12;95;29;64;44;89;38;100;49;32;47;29;36;41;32;37;10;100;50;16;7;5;14;50;75;32;26;20;64;82;86;12;65;67;47;69;24;23;60;95;89;49;65;39;87;92;96;23;7;31;80;58;6;6;23;33;88;5;23;76;24;3;38;90;80;19;65;21;31;9;4;27;100;29;42;6;61;45;34;81;30;29
52;73;90;66;75;27;80;83;45;7;11;67;86;39;82;32;57;36;32;21;17;64;16;58;84;42;50;74;83;53;27;100;82;41;88;45;22;47;97;76;33;31;19;2;64;52;61;49;97;84;30;12;30;7;59;38;4;85;23;51;81;19;87;76;68;51;96;46;32;2;67;2;60;41;17;83;76;90;89;18;73;28;34;24;82;34;1;100;32;64;91;45;85;70;55;67;42;55;7;27;31;23;52;14;100;30;15;57;5;45;86;16;85;35;27;36;20;21;82;46;93;61;45;94;20;97;41;85;85;64;63;57;17;10;49;24;95;36;28;45;17;75;53;84;40;56
36;48;98;3;85;1;26;75;22;1;86;89;39;24;78;8;55;42;17;9;78;100;5;86;73;49;35;63;80;54;78;84;50;37;18;34;93;18;56;5;29;43;10;40;55;66;62;16;16;49;37;11;23;83;84;3;60;94;99;62;37;98;93;62;16;50;39;87;91;88;93;13;32;64;76;74;57;87;43;51;91;83;36;27;99;9;26;7;30;77;94;85;96;59;18;50;18;66;68;52;98;26;54;50;39;74;39;69;32;60;76;54;44;92;74;49;95;17;48;75;62;52;57;73;64;63;63;53;7;97;63;31;11;5;62;14;45;90;98;99;68;54
64;1;10;7;52;8;29;3;14;40;6;78;91;11;87;16;42;37;22;84;93;75;50;12;40;53;89;23;82;11;86;31;36;41;2;37;66;90;15;77;47;15;65;88;93;78;56;41;32;16;49;11;62;3;10;71;45;100;58;53;12;58;58;38;17;27;99;86;5;37;68;73;76;21;48;70;98;89;13;22;76;35;51;53;45;69;66;26;16;79;80;84;56;12;79;74;42;84;67;95;27;43;94;79;89;88;41;33;22;86;95;62;61;2;47;6;66;39;34;69;76;72;56;32;6;15;24;39;38;81;3;61
4;20;68;71;16;17;89;85;95;55;81;69;83;38;99;30;34;44;36;79;82;74;61;52;78;76;23;2;58;62;32;99;93;9;53;56;96;74;2;59;75;7;73;12;2;29;19;78;16;61;25;27;80;56;77;27;44;57;35;49;96;94;47;51;16;95;86;64;38;94;90;57;8;43;57;70;67;63;19;78;5;87;16;62;70;29;96;24;44;41;71;73;73;92;30;10;24;7;71;24;12;5;1;63
25;11;26;28;12;4;57;10;68;29;8;98;20;32;61;46;87;88;11;59;18;35;90;21;33;21;11;31;40;79;91;35;92;3;87;18;88;4;78;58;42;93;67;65;53;64;88;89;10;59;48;69;95;43;25;64;44;48;25;40;95;43;77;29;97;96;63;71;41;69;62;69;48;48;67;3;65;79;49;39;94;64;74;18;42;21;6;49;4;42;66;56;58;4;44;84;80;87;52;73;89;55;83;26;44;36;57;42;2;46;21;77;33;8;98;70;40;54;54;51;65;100;87;57;24;27;14;99;25;13;96;97;83;63;25;22;96;28;51;36;94;51;81;85;56;19;33
74;90;13;5;32;67;71;67;66;3;54;40;15;15;95;27;42;79;2;35;89;86;33;37;24;7;81;82;15;96;9;28;31;75;15;94;14;75;7;78;75;23;34;77;92;69;41;74;56;68;4;96;17;16;88;44;23;37;2;46;60;89;22;5;73;7;65;11;78;94;86;85;100;71;53;58;41;45;13;9;97;99;79;66;28;17;32;23;21;81;81;19;16;86;63;3;81;93;51;82;92;77;52;94;54;32;65;100;18;47;56;41;49;65;68;37;73;26;88;12;48;79;87;77;74;83;79;68;23;1;95;59;56;87;43;45;52;7;4;27;67;73;25;74;26
32;42;75;31;54;34;74;56;7;86;67;27;64;19;46;93;64;10;59;4;96;33;34;81;77;7;50;11;25;97;1;5;4;5;69;35;56;64;6;14;63;29;73;62;4;42;57;86;32;50;84;87;78;27;88;36;25;78;81;12;83;77;37;58;11;28;24;57;44;50;53;1;24;13;97;9;65;66;10;2;52;3;4;24;56;22;46;98;86;47;77;67;81;94;26;3;81;78;78;50;18;100;31;83;41;4;56;36;26;71;37;59;94;86;64;62;33;11;42;45;83;21;58;85;9;76;69;83;63;91;26;66;11;100;97
50;82;62;13;91;85;1;76;70;27;54;55;61;98;3;26;54;80;81;70;97;38;12;98;27;100;98;50;36;70;82;79;93;69;100;34;85;41;77;69;100;44;50;4;59;96;78;5;4;3;11;99;18;34;13;80;84;100;72;49;21;17;34;68;10;76;42;45;51;19;46;96;93;75;46;68;86;77;7;93;55;60;50;61;60;19;5;68;79;93;70;30;100;39;42;24;14;41;31;100;18;92;95;15;84;37;80;51;100;39;64;73;85;89
16;90;14;97;45;62;6;94;54;76;35;67;100;11;95;86;61;91;38;69;18;3;12;62;49;82;86;98;59;34;60;88;37;59;63;88;5;65;7;13;30;70;50;27;100;48;76;26;77;74;54;37;91;64;44;32;10;34;3;48;2;92;68;65;11;97;73;51;14;15;32;61;83;74;34;32;99;27;29;13;82;46;51;26;73;58;5;90;14;28;7;64;71;61;82;40;62;28;21;32;94;27;53;78;11;37;44;32;60;31;32;42
65;22;47;33;15;26;69;80;79;68;9;35;24;62;18;99;90;76;2;31;14;5;18;100;40;63;54;65;96;12;5;13;90;64;29;52;78;33;24;37;19;85;80;35;30;66;13;19;2;78;56;38;11;10;66;60;94;4;97;4;41;61;54;31;74;49;18;46;28;66;2;62;38;28;64;70;25;11;52;51;50;7;31;90;16;58;4;51;70;58;16;99;67;14;66;47;49;70;43;79;54;54;89;98;100;63;60;15
72;15;22;27;7;86;28;21;88;29;88;11;61;85;80;84;43;82;64;56;44;78;28;39;58;91;24;46;22;43;62;18;78;61;39;54;26;17;19;79;26;52;7;14;55;61;10;69;66;78;88;86;13;52;42;62;51;47;96;82;22;76;56;28;62;96;47;76;52;15;95;71;42;59;41;68;97;22;1;27;3;8;25;66;20;67;4;3;6;98;14;75;69;11;73;43;80;8;53;30;73;91;19;39;86;33;35;97;56;3;69;79;18;71;55;51;35;15;87;48;48;15;65;79;72;60;81;98;23;23;87;18;79;89;55;92;39;46;48
36;39;79;52;65;45;29;15;70;53;28;40;90;99;47;85;41;80;43;22;69;33;57;81;52;61;38;55;71;15;15;64;6;35;34;100;19;90;40;25;99;65;19;82;15;64;33;15;72;50;66;28;93;60;69;38;20;49;14;75;11;4;64;69;52;4;69;93;98;42;16;54;17;95;80;55;64;41;95;81;100;98;95;79;3;84;56;66;83;82;71;95;33;98;75;45;28;34;37;50;22;3;56;61;39;100;69;29;12;97;56;54;25;84;6;7;3;92;19;31;74;2;34;64
32;5;16;72;76;57;60;49;5;79;4;99;93;81;24;1;30;74;50;55;69;60;23;71;49;27;60;97;54;20;65;41;81;69;25;19;82;6;45;50;5;51;97;46;70;32;14;58;28;56;100;29;85;7;94;50;54;33;29;71;43;92;74;72;40;58;7;9;14;67;56;97;95;58;10;93;33;3;19;48;44;80;15;44;75;89;70;37;52;98;89;99;39;73;36;73;29;38;29;98;96;13;66;27;13;63;12;49;56;66;36;89;94;100;83;79;51;98;64;78;73;10;38;7;70
79;54;74;73;29;36;69;12;75;68;36;38;39;64;64;96;71;6;24;52;17;82;76;13;66;89;94;73;36;89;60;93;32;89;88;37;12;39;18;50;35;84;23;32;42;8;100;7;32;63;22;63;48;18;36;83;80;75;20;13;76;97;65;45;78;87;37;52;21;12;78;2;69;5;13;90;17;50;26;54;56;90;24;55;90;43;66;53;99;87;4;66;84;80;32;76;71;49;62;53;84;88;12;60;48;26;57;7;58;31;43;96;7;9;94;15;53;39;82;77;82;74;98;12;35;53;85;63;67
87;23;56;91;59;26;48;48;69;47;60;87;74;66;74;24;50;51;7;52;80;28;98;23;3;23;15;50;25;47;7;29;21;88;19;87;82;69;18;18;63;16;38;74;52;2;85;10;13;32;81;54;2;72;27;46;15;97;31;87;93;73;89;83;81;5;77;57;85;89;74;12;8;70;85;28;100;23;73;83;91;99;64;54;28;45;71;93;56;39;81;44;44;42;7;8;75;78;19;39;48;10;83;94;63;61;37;59;52;73;86;53;24;65;64;86;70;8;27;84;66;65
59;79;41;94;45;90;67;30;78;22;72;77;94;41;98;61;40;97;59;89;43;74;64;8;92;23;26;89;25;69;91;35;35;90;28;28;19;96;4;56;11;93;28;33;84;2;28;97;85;61;48;73;47;6;76;50;33;24;87;84;64;49;57;28;39;85;91;6;82;16;60;19;1;10;80;28;11;7;92;74;27;91;22;60;39;11;61;46;8;81;33;45;57;44;62;87;66;98;65;87;96;51;85;27;30;38;71;79;10;95;80;16;57;16;95;46;4;27;30;9;89;40;49;55;20;16;62;87;68;51;88;34;40;13;50;34;26;74;20;98
75;23;23;76;6;7;51;49;84;94;83;45;61;20;42;21;90;79;67;17;93;24;23;63;47;75;2;35;40;29;84;10;65;72;48;98;74;7;11;72;7;83;12;50;28;68;22;29;2;93;68;56;32;32;11;7;76;20;26;66;67;82;13;23;88;10;49;3;10;6;44;34;99;26;72;80;12;34;9;90;19;23;75;28;51;16;39;75;46;68;7;99;56;5;24;75;45;34;63;99;57;75;66;76;81;39;97;3;49;24;100;38;51;34;66;91;81
13;61;47;93;33;18;93;34;47;10;73;56;46;67;72;10;14;8;22;26;51;92;21;22;45;54;52;30;75;76;47;60;38;60;95;19;75;61;42;46;37;69;53;1;21;63;70;68;46;40;67;43;35;77;51;95;31;20;76;84;33;85;92;28;95;82;11;46;21;27;14;97;29;58;39;42;81;46;85;63;33;46;24;99;16;71;67;88;49;46;9;83;46;46;19;79;83;6;82;87;61;35;50;69;75;6;3;8;5;36;52;12;96;38;5;31;33;55;50;83;86;17;7;91;28;59;98;30;93;69;6;70;17;77;77;41;97;95;80
72;68;50;64;83;37;49;13;65;69;6;93;23;48;39;3;3;31;68;41;79;28;3;43;85;97;11;52;50;94;53;44;78;28;96;5;86;60;44;39;84;29;47;66;80;75;25;58;94;61;1;13;6;58;59;93;37;17;77;96;62;60;68;7;68;88;77;71;79;23;56;79;96;58;56;22;94;37;66;10;83;71;24;90;21;55;50;90;21;28;92;57;34;56;63;21;8;48;88;53;32;36;65;50;47;43;74;15;91;23;62;30;23
31;20;44;80;57;69;63;23;23;35;78;61;22;94;94;81;21;100;4;94;9;38;63;52;81;90;52;65;82;32;77;43;71;2;99;32;43;38;7;76;43;11;19;31;5;69;47;18;19;16;65;42;11;90;16;40;98;86;6;70;67;81;51;55;69;29;66;19;3;5;26;19;5;8;55;76;67;91;97;70;36;1;24;62;80;72;4;26;87;44;78;93;96;72;90;58;8;3;28;20;40;76;19;41;68;29;28;25;80;37;58;17;45;38;24;29;65;21;65;68;22;90;17;66;7;4;61;47;36;55;47;11;50;66;76;69;35;22;32;57;90;45;52;41;67;36;69;49;40
94;77;54;58;38;63;70;98;52;4;22;96;74;6;57;48;95;8;64;2;63;41;6;98;81;68;58;77;5;55;4;29;31;61;68;65;9;73;68;98;82;35;98;64;66;90;25;83;88;61;82;59;1;33;22;47;61;88;69;31;38;36;13;1;83;64;80;75;10;72;17;52;45;47;24;96;7;77;73;55;43;24;64;47;73;68;70;19;83;76;13;46;96;48;56;19;41;81;84;14;29;83;55;96;64;87;66;57;9;62;33;65;68;24;62;17;44;65
81;94;12;88;37;97;39;37;62;83;2;35;42;15;26;92;8;97;85;89;5;83;28;67;2;18;21;35;12;48;34;21;96;6;36;31;91;61;41;66;82;5;95;22;17;9;36;53;20;92;33;67;75;19;67;29;74;18;17;52;36;3;22;16;98;91;73;19;1;76;33;48;62;13;62;17;89;10;38;4;59;67;12;14;88;33;24;22;7;50;95;42;25;34;42;91;28;71;16;5;72;98;95;72;73;25
73;78;95;92;17;89;95;14;21;26;60;66;99;73;69;46;49;32;6;32;99;34;67;57;83;18;28;72;79;56;22;70;13;24;7;21;8;100;34;13;99;54;21;58;59;43;59;94;75;43;25;94;16;57;28;61;98;84;83;54;86;97;67;53;28;13;2;88;65;5;97;23;11;60;73;38;87;96;8;46;56;99;33;13;4;89;27;93;36;39;56;77;76;75;26;39;55;41;46;57;23;62;84;28;42;38;40;74;11;45;56;36;63;34;14;69;97;41;76;82;24;56;63;62;41;87;28;5;65;93;51;95;2;47;100;85;15;30;35;78;38;94
43;17;38;8;93;92;33;87;98;36;62;63;67;72;47;1;26;45;99;80;62;84;28;6;75;91;98;68;72;21;34;43;39;82;92;73;99;3;10;29;91;74;64;86;80;98;19;96;37;57;10;94;19;70;79;7;59;39;55;13;39;31;78;69;32;88;23;35;33;5;54;49;12;47;81;89;12;27;69;95;44;33;50;98;77;85;76;71;86;89;91;36;60;96;34;67;60;21;86;15;92;81;5;72;49;81;6;42;41;99;83;31;62;14;25;97;48;76;78;16;32;89;67;69;11;10;54;23;40;78
19;96;90;26;64;62;22;32;52;46;40;30;80;22;13;74;12;8;54;78;58;77;2;19;26;88;28;28;64;32;98;66;22;63;52;95;34;95;41;40;31;52;54;9;40;3;7;41;16;98;89;69;70;65;76;69;30;55;33;63;65;17;45;96;92;36;17;4;52;7;46;37;7;91;76;17;86;48;91;7;43;53;23;96;42;43;5;70;66;23;47;1;83;63;100;33;68;10;72;60;35;1;29
45;16;60;85;62;9;12;34;64;69;8;23;83;70;66;78;12;73;90;46;62;22;12;96;12;87;4;90;89;21;69;20;72;53;88;18;96;18;4;1;79;26;85;41;22;71;83;48;54;32;29;25;68;83;39;86;60;1;67;11;91;32;31;68;48;80;1;45;95;88;86;19;12;23;71;98;55;34;8;84;92;100;23;65;63;22;93;10;55;38;30;57;48;94;47;4;20;38;41;13;96;63;38;63;86;43;94;42;32;53;10;54;85;34;90;81;34;83
69;62;44;42;28;45;53;52;42;74;24;65;15;18;61;42;78;24;94;46;93;10;17;96;91;24;54;36;87;59;18;68;16;8;39;25;28;99;4;26;32;72;42;97;93;37;15;84;31;68;82;74;42;93;36;5;3;99;64;48;91;10;22;84;60;98;69;56;70;33;32;9;59;30;54;15;30;19;22;27;62;90;78;25;12;14;40;34;8;16;8;72;19;37;55;45;19;78;9;7;55;31;69;82;51;75;29;18;6;55;35;33;44;97;70;99;31;1;16;86;39;51;85;28;36;63;27;18;19;69;78;5;93;94;74;95;64;27;50;94;100;85
65;95;36;70;65;22;92;41;45;76;48;59;66;38;92;99;2;27;17;68;17;49;68;52;22;25;38;40;69;20;93;15;40;93;49;99;86;52;74;22;50;53;97;80;42;8;96;83;82;18;92;51;32;66;82;81;34;61;46;31;21;100;100;49;82;24;98;93;60;42;42;65;43;84;58;50;48;56;73;20;39;28;66;26;52;73;89;60;85;82;100;23;31;62;92;82;12;78;7;52;16;83;87;39;21;15;26;99;11;90;22;78;7;33;30;89;91;75;90;3;99;17;51;59;63;18;77;83;61;41;36
80;15;53;90;8;47;21;26;41;43;76;60;47;87;47;57;15;77;89;17;66;89;95;59;86;45;60;32;45;26;75;4;63;28;87;57;69;74;88;92;79;85;74;79;61;9;100;17;88;22;64;50;91;86;67;52;7;6;55;5;42;88;15;67;77;47;8;15;27;69;9;18;3;31;60;90;39;69;24;28;30;41;32;96;55;68;18;8;4;32;79;78;78;80;26;48;54;51;14;39;42;77;96;89;80;81;64;68;99;39;70;78;92;67;32;19;58;87;61;57;6;96;26;99;10;35;49;47;77;37;82;70;24;36;98;76;14;29;78;74;29;56;94;78;24;21
58;62;34;7;82;2;79;94;91;45;32;84;8;31;79;74;48;64;50;70;8;6;90;51;76;38;97;71;74;88;57;35;30;96;73;43;84;6;52;45;96;32;22;60;41;21;60;14;88;12;61;45;87;30;49;29;1;81;84;47;62;68;6;49;77;97;52;33;63;82;78;28;66;51;29;42;26;46;16;10;50;37;67;54;42;47;8;92;9;26;37;28;59;53;23;99;46;90;68;19;77;10;39;87;59;45;76;38;27;5;58;60;36;98;53;3;41;60;28;51;71;94;63;99;55;42;65;38;38;96;48;5;53;71;85;47;95;8;48;88;64;59
11;36;69;14;75;97;38;56;69;64;61;46;48;10;23;21;59;39;13;6;34;75;44;5;55;71;34;100;3;76;33;74;64;52;52;61;72;64;91;61;30;44;73;57;18;86;46;11;93;85;5;87;93;31;95;64;21;25;100;42;52;94;36;39;61;48;44;63;95;47;69;34;6;45;10;69;31;46;60;92;10;89;49;43;82;41;82;23;51;24;99;31;76;67;47;10;17;65;5;32;82;12;3;20;47;27;96;28;94;10;60;70;51;100;25;22;23;32;35;26;56;85;17;51;22;71;24;68;15;64;26;90
65;1;15;58;11;90;54;71;35;60;34;77;11;23;6;45;43;87;100;31;9;92;18;50;64;40;10;35;58;57;93;58;67;7;2;60;47;47;77;92;27;47;20;16;54;70;43;49;2;36;60;56;76;49;68;11;100;31;31;47;5;14;15;52;81;94;59;20;47;60;37;38;62;28;14;44;99;5;67;19;29;20;24;78;65;90;39;13;51;74;4;40;80;70;94;78;84;44;89;57;72;8;86;17
21;27;85;81;1;2;59;28;62;87;52;7;12;62;80;96;91;47;89;94;65;84;14;45;4;2;54;38;28;95;94;63;49;43;62;30;51;51;13;62;15;85;35;23;81;100;88;84;54;99;89;81;76;37;2;14;17;81;23;6;93;6;6;26;42;52;9;11;65;62;18;9;7;29;83;67;98;2;10;98;42;97;70;44;94;62;3;86;6;81;96;95;22;77;20;65;71;78;19;47;28;87;89;22;30
24;69;30;79;67;13;83;68;38;20;88;44;94;84;51;16;24;61;72;84;99;36;84;55;74;30;83;70;10;46;87;17;42;44;97;45;6;58;3;5;94;24;59;55;94;15;96;77;75;23;39;3;74;18;84;39;17;80;44;45;86;58;58;29;90;3;52;47;23;47;8;86;66;58;27;89;52;72;44;65;96;71;98;52;22;60;44;45;12;30;7;27;81;37;25;10;79;27;71;83;9;69;84;31;45;70;75;55;64;61;89;65;54;33;3;32;31;59;4;56;95;73;27;42;100;44;87;73;23;49;42;34;21;47;73;71;50;93;55;76;60;56;57;33;7
48;96;5;32;44;13;82;26;47;33;1;48;31;25;45;43;78;18;100;67;69;73;45;56;25;17;2;66;86;63;77;77;46;17;9;28;98;45;51;45;81;29;21;36;8;75;44;54;66;89;7;46;28;30;38;23;34;73;64;77;97;80;63;35;56;77;77;89;65;92;11;25;11;83;28;67;51;14;67;98;7;29;18;32;24;51;28;48;96;94;1;97;1;91;86;75;66;93;26;47;61
82;41;15;76;22;100;76;84;68;8;41;32;93;96;13;43;60;22;97;18;66;28;1;43;67;68;83;49;83;12;84;88;38;98;1;7;30;24;40;39;4;85;64;66;95;68;20;74;11;30;51;60;51;93;46;54;100;55;16;2;20;49;58;45;58;37;97;55;1;56;53;81;38;80;64;99;51;45;29;24;71;80;44;82;17;100;92;15;26;96;33;37;16;11;72;42;54;21;78;97;18;6;16;68;77;78;71;16;27;5;14;8;70;28;23;42;27;38;15;8;98;63;70;51;3;89;96;71;100;82;82;90;62;7;94;52;2;18
68;35;19;41;76;7;73;30;17;25;87;2;96;33;70;79;56;47;98;81;16;6;74;70;7;39;88;75;19;21;25;8;2;45;2;61;95;97;24;39;94;87;96;41;9;20;4;60;58;3;28;3;48;85;4;46;73;79;72;42;22;18;13;68;88;63;78;16;74;40;61;37;50;48;32;10;95;94;65;89;45;48;60;20;33;75;47;93;78;91;42;58;16;66;92;65;76;42;29;91;29;15;75;4;62;27;52;74;77;62;59;5;75
83;75;97;85;6;78;79;32;42;39;69;75;100;70;12;4;59;98;74;52;10;67;96;60;27;54;15;42;3;19;66;100;48;76;10;39;61;100;63;47;10;92;13;3;39;52;82;29;61;48;33;83;31;88;78;5;36;41;22;55;83;63;28;4;59;95;89;31;52;42;99;95;95;16;50;45;49;40;51;14;64;36;26;92;37;90;27;70;22;24;76;27;24;34;1;18;56;89;99;27;65;37;48;79;35;86;31;38;84;26;63;71;19;16;20;36;44;79;82;7;59;11;96;89;42;34;1;86;88;96;25
42;62;83;19;74;18;91;53;96;100;5;7;87;44;44;48;28;43;79;79;78;37;34;17;79;89;69;97;54;41;54;42;62;67;16;39;25;64;93;49;24;75;2;11;56;33;58;93;50;6;19;24;75;49;9;90;39;19;97;58;62;61;32;90;86;63;2;59;7;28;54;52;72;88;29;18;90;47;4;34;91;88;70;53;68;72;2;6;51;7;41;96;46;39;100;56;29;35;75;65;29;88;24;16;97
96;11;7;52;54;94;66;96;66;75;45;17;72;97;56;39;41;53;98;42;78;31;90;93;70;35;42;20;71;48;31;57;22;66;66;36;45;31;31;64;58;79;52;68;21;49;63;88;26;16;11;92;72;49;51;84;38;86;17;50;44;38;96;47;64;68;71;7;26;29;41;12;55;7;20;70;81;64;98;61;26;71;92;76;30;72;73;39;51;45;72;21;4;83;47;15;80;1;75;68;47;88;16;54;34
97;65;34;26;85;14;93;54;68;17;55;2;94;22;88;17;9;94;62;30;81;81;4;19;71;84;77;57;30;54;64;51;33;92;90;23;37;69;11;79;83;85;39;6;79;72;39;30;48;67;10;67;2;16;37;9;94;11;93;80;55;51;76;73;49;5;43;32;66;61;8;77;18;53;73;61;71;13;100;35;59;45;70;5;53;45;56;73;93;34;10;37;22;48;8;89;50;9;26;16;85;18;16;33;38;38;54;7;43;65;8;18;98;72;12;15;59;71;79
31;79;26;58;23;57;24;75;57;51;100;85;62;29;7;29;48;40;99;26;90;68;63;1;32;36;75;70;100;56;53;74;61;68;2;92;96;4;57;33;22;1;44;1;77;93;56;85;39;62;47;62;62;36;27;15;50;100;42;24;27;78;63;93;46;66;43;10;57;86;17;67;36;96;72;11;95;84;45;16;39;18;93;39;69;47;9;94;63;95;84;74;17;25;72;50;35;81;10;32;82;28;63;70;40;23;89;16;91;18;80;61;14;54;68;99;18;96;46;36;4;4;74;91;40;77;18;44;52;75;42;30;70;82;40;14;53
88;12;51;78;7;56;2;79;84;14;20;5;65;43;12;46;47;92;40;29;41;76;79;89;61;26;16;78;53;45;31;89;76;48;96;100;58;43;76;73;97;50;18;6;16;54;98;80;49;32;48;44;18;15;94;51;7;87;24;98;20;14;24;98;57;78;20;1;18;27;26;27;24;6;72;18;18;9;82;19;48;93;41;50;11;66;16;18;40;30;84;59;40;15;24;61;30;10;42;53;8;13;23;7;71;22;23;100;15;64;36;12;64;67;57;4;62;3;40;87;4;20;98;37;5;53;64;82;41;83;57;56;98;94;90;89;78;36;45;17
64;75;36;12;41;4;92;36;78;30;100;49;31;78;46;54;4;87;98;9;89;34;94;20;55;64;97;48;71;30;53;71;56;58;61;47;22;66;26;38;100;11;40;68;38;4;89;43;93;23;77;70;74;69;67;25;31;31;43;76;43;72;36;97;34;99;18;37;57;32;18;61;90;38;31;2;87;97;74;49;78;53;98;41;96;55;33;5;82;58;11;9;37;58;34;46;17;29;37;4;26;45;32;64;39;40;10;77;21;6;20;27;84;84;14;68;17;96;99;60;15;87;33;49;81;29;15;97;49;83;42;83
29;54;15;48;19;34;20;89;78;29;90;25;40;22;18;45;42;85;28;53;60;93;39;40;14;7;21;36;71;97;32;53;15;9;40;36;84;89;40;62;9;46;13;40;60;8;76;6;40;26;4;46;70;35;92;41;17;61;58;10;90;57;44;40;62;85;12;57;76;19;56;83;9;88;64;1;44;86;56;53;96;91;28;9;100;3;12;18;41;10;10;87;69;76;59;71;80;52;60;18;9;21;57;6;75;68;41;23;98;32;8;17;66;44;87;92;7;69;95;68;26;65;3;49;5;80;15;33
27;45;77;98;78;62;30;84;75;20;87;1;46;13;17;75;85;51;4;55;65;17;88;7;67;12;74;83;50;67;41;10;51;50;28;36;22;41;27;9;49;41;69;81;9;61;10;85;24;14;75;10;1;67;74;9;60;94;98;95;82;73;83;78;100;42;31;83;84;20;85;75;53;83;55;1;24;9;26;76;18;77;87;58;53;87;33;8;46;10;35;54;90;32;78;93;70;51;100;43;65;65;92;81;82;96;8;14;64;68;51;94;79;92;8;54;26;36;15;50;70;95;36;89;18;54;12;13;79;8;43
97;36;84;72;29;87;79;42;44;3;87;14;3;12;76;12;82;74;82;27;23;60;73;22;46;92;26;50;19;1;95;1;85;68;70;13;84;27;65;18;69;18;19;93;83;91;63;58;35;67;36;92;84;46;100;85;13;68;77;68;19;45;9;3;41;40;37;33;46;63;46;91;41;66;17;93;62;48;68;64;58;63;82;71;42;10;74;31;31;5;29;90;91;78;4;25;45;90;71;23;59;36;71;48;14;41;83;13;40;3;9;2;69;72
65;89;50;88;24;49;41;47;96;37;87;86;72;92;53;97;19;91;84;22;38;77;33;24;40;63;59;71;16;31;60;93;19;8;89;24;100;27;18;32;62;86;4;88;94;64;71;71;44;86;37;60;49;11;88;64;75;88;79;75;86;35;84;53;85;86;29;91;95;4;42;77;67;7;51;43;55;69;69;24;9;81;38;95;77;66;95;86;52;41;15;26;86;97;80;67;88;86;81;32;58;60;52;60;38;92;77;30;82;83;46;29;85;73;93;37;64;5;15;60;64;71;3;92;12;4;16;50;53;45;56;94;41;25;10;7;66;18;23;43;72;23
40;47;46;53;95;41;44;3;100;90;78;39;51;74;9;24;70;83;19;88;3;76;1;45;89;68;55;40;9;70;2;52;91;4;14;42;49;74;16;39;51;99;91;43;62;33;66;1;35;52;98;36;99;72;60;5;67;28;33;46;56;82;3;44;18;94;93;66;32;66;3;83;37;83;91;66;6;60;89;96;10;6;21;24;9;71;5;15;42;77;49;5;15;46;70;93;28;6;16;85;8;23;35;45;72;35;23;94;92;83;89;13;80;3;56;47;44;51;90;94;32;7;7;39;34;15;3;4;68
50;30;55;55;33;63;17;48;5;42;9;20;47;47;31;10;46;75;43;14;62;66;80;99;98;84;57;33;79;7;36;79;92;81;16;54;60;52;17;27;21;24;57;97;25;94;92;23;10;71;34;31;31;29;8;7;83;5;2;65;68;57;73;93;73;62;45;67;97;64;7;76;21;50;7;41;24;28;98;23;99;2;19;77;19;74;95;97;31;53;17;20;14;12;83;83;100;72;38;71;12;52;15;10;87
29;69;51;60;13;49;64;11;14;81;16;28;36;55;38;23;67;87;78;28;25;7;83;28;16;91;57;44;50;36;43;10;27;37;20;86;84;80;34;40;4;60;100;96;86;90;61;1;62;53;24;26;31;64;96;68;96;45;33;76;57;94;87;47;17;14;33;27;31;10;59;94;58;35;71;52;68;4;84;96;83;59;48;83;29;5;10;14;62;36;28;94;38;47;85;58;92;30;15;91;62;49;1;47;97;8;60;7;56;87;26
63;16;68;21;18;12;65;24;98;30;45;55;3;91;33;12;44;79;85;15;50;35;44;87;85;59;37;93;21;91;12;82;90;80;68;60;90;81;34;58;52;11;100;94;2;44;11;32;14;45;15;86;54;40;90;19;95;64;8;69;90;10;60;94;16;23;21;94;82;91;7;5;79;42;27;20;71;54;20;50;68;73;95;56;82;48;65;95;85;67;29;34;40;97;21;81;92;32;90;88;63;8;88;64;46;76;66;23;31;4;8;27;90;73;30;14;60;98;3;18;4;83;21;64;15;61;46;83;94;74;80
96;13;57;97;21;17;12;83;18;62;35;57;19;62;40;14;52;17;55;77;14;46;70;83;29;93;67;48;47;28;84;42;44;81;17;46;7;75;66;87;20;38;25;62;67;84;36;91;26;85;14;44;98;74;91;11;69;78;43;60;95;100;24;41;49;82;43;31;41;16;31;87;94;21;88;6;56;8;40;85;31;77;40;29;21;29;72;82;91;28;60;61;80;25;12;8;10;99;74;20;84;52;3;73;96;21;9;41;87;9;51;39;96;98;5;38;49;48;45;71;93
20;48;74;97;90;14;55;52;44;5;15;66;33;64;45;65;7;16;95;70;75;46;61;60;46;84;45;23;34;32;96;70;54;91;66;95;68;38;83;81;86;88;85;39;60;10;67;78;54;94;70;64;47;46;33;41;32;88;75;6;19;98;80;42;39;84;25;68;29;96;4;42;2;58;10;77;73;98;3;95;24;13;61;99;7;50;12;44;96;6;20;94;82;31;16;94;87;64;38;28
51;17;98;55;5;53;26;5;35;51;29;14;22;31;36;87;97;15;87;74;1;58;13;27;3;93;69;61;31;37;83;41;99;32;82;62;98;15;36;77;35;32;39;84;8;78;11;21;74;46;44;52;33;33;37;18;65;37;46;24;80;97;61;29;23;16;97;9;6;27;99;74;8;37;63;39;30;87;74;48;18;54;83;74;7;85;17;94;32;84;6;34;23;54;34;64;13;35;95;37;16;66;39;1;63;12;43;68;71;52;60;22
75;26;1;17;15;53;4;50;35;70;53;73;35;58;98;23;51;33;20;18;8;23;20;22;54;38;69;91;15;11;72;74;14;31;76;89;62;45;33;86;44;35;17;13;57;28;57;39;16;83;33;24;34;39;89;90;45;60;16;75;85;90;17;44;89;57;82;56;4;23;7;85;78;23;45;27;48;89;44;49;27;96;94;97;48;32;59;62;59;22;52;88;60;98;21;69;50;7;37;54;21;60;4;71;42;48;74;53;32;92;59;55;37;63;84;2;62;73;29;64;5;9;80;32;70;64;89;64;50;30;76;83;87;24;95;12;66;81;22;68
64;36;68;11;81;43;94;92;34;66;52;65;39;60;9;80;67;8;37;85;29;100;58;42;36;80;23;23;35;97;28;76;24;92;53;44;16;24;66;51;78;95;23;48;1;2;33;51;12;90;74;40;50;80;98;79;34;95;85;42;83;22;32;74;76;29;39;2;47;92;95;2;49;59;54;51;44;14;35;59;3;13;54;87;85;1;24;18;18;48;14;22;43;16;51;9;60;95;32;60;44;35;61;42;92;73
32;83;18;18;25;81;17;90;9;50;90;60;62;59;86;68;73;23;84;48;36;4;72;13;47;35;25;61;89;94;53;77;79;49;93;100;96;6;88;12;51;98;9;88;56;28;8;68;28;69;71;62;92;32;81;21;49;95;54;58;25;70;35;92;44;96;72;28;97;48;9;75;20;53;81;43;74;96;5;3;76;56;56;50;29;49;57;48;33;91;6;11;29;79;47;95;8;97;100;11;51;85;74;95;27;63;17;97;50;53;53;22;24;98;8;72;46;47;18;97;55;86;60;5;94;8;52;32;99;62;86;56
2;80;78;95;51;78;78;99;84;82;7;19;90;94;54;99;53;62;1;73;72;23;50;63;67;19;40;2;64;28;51;82;90;91;16;22;96;24;9;14;77;43;14;62;9;94;62;41;39;92;23;12;53;92;41;45;40;87;91;11;83;26;49;66;73;46;72;91;92;46;61;91;8;100;53;16;31;5;75;97;25;4;92;56;73;73;93;11;61;17;52;10;33;52;86;17;53;33;61;37;15;19;19;19;9;27;85;10
88;57;51;63;5;11;20;90;53;14;23;62;70;11;87;45;46;16;61;17;38;61;57;55;86;39;74;63;91;39;9;87;71;96;85;97;38;20;63;75;77;99;65;36;18;100;36;29;85;74;28;64;38;28;40;87;75;89;97;48;37;91;11;79;22;96;96;95;28;11;10;28;75;65;66;36;75;78;97;58;59;26;36;34;69;47;70;70;42;42;97;81;21;85;18;15;3;53;72;79;98;23;28;14;79;91;52;21;16;74;65;70;47;28;64;28;10;22;29;35;95;13;99;23;1;83;90;39;59;88;24;88;35;63;47;86
8;21;54;89;42;93;75;97;54;17;64;97;82;20;94;2;73;64;77;14;79;81;11;65;25;92;93;25;37;94;56;89;40;52;75;89;89;42;35;92;48;93;58;76;72;87;17;18;87;52;100;39;81;44;31;67;25;87;2;9;25;61;59;24;30;34;48;80;65;61;56;75;37;69;60;71;38;98;93;38;95;77;75;92;3;26;100;6;33;98;100;23;61;28;91;56;59;58;47;47;13;51;63;86;30;73;36;58;67;14;94;27;69;4;27;34;100;80;93;6
89;96;85;42;3;8;77;59;58;14;100;100;25;28;44;46;74;10;99;71;99;23;73;16;53;56;20;41;95;42;17;89;49;52;45;15;62;62;97;41;35;93;10;82;69;62;21;62;25;41;75;29;44;43;59;5;60;94;51;62;66;1;12;24;74;40;61;63;86;14;88;82;8;84;71;42;88;14;73;77;38;50;29;39;76;8;57;87;19;82;91;31;90;22;47;75;92;66;67;4;6;46;49;39;18;15;63;1;95
71;67;14;83;12;84;71;2;92;49;77;18;36;42;37;91;55;33;65;44;45;100;37;92;79;15;9;25;32;22;15;13;35;10;31;66;21;94;82;87;61;65;83;31;42;18;74;37;38;47;67;34;53;84;77;97;15;95;62;70;20;53;25;21;62;41;13;54;97;10;89;24;42;8;79;36;78;59;83;97;22;28;90;87;55;90;90;12;49;78;32;22;84;65;78;78;38;62;87;2;63;3;29;98;62;1
90;89;9;31;64;79;90;49;48;14;86;15;94;15;16;63;23;67;6;16;46;44;46;12;71;6;18;19;21;61;23;33;26;19;44;97;70;50;100;70;46;14;71;28;70;96;12;62;46;54;43;61;57;93;60;96;36;26;29;96;49;41;81;84;70;40;57;38;42;71;82;59;100;88;97;61;22;60;17;48;64;12;54;32;43;44;3;83;79;15;18;63;85;38;76;87;68;69;76;54
17;18;88;15;33;58;79;28;47;98;34;35;13;15;47;22;96;81;75;63;77;94;7;83;80;34;81;26;6;36;1;96;52;30;63;26;69;45;67;86;37;98;2;66;72;53;80;87;59;2;46;48;96;29;64;23;11;63;86;32;13;40;27;84;96;89;26;19;12;47;36;60;78;56;61;15;41;14;70;35;15;40;97;42;36;47;12;33;9;18;10;54;50;16;92;49;96;14;24;66;12;1;20;41;13;47;75;74;17;32;68;30;93;71;84;44;70;32;31;30;54;89;25;10;96
22;38;51;88;57;82;64;97;66;20;83;62;15;67;74;33;67;92;82;25;2;29;83;6;70;65;96;75;36;71;29;89;90;55;79;12;74;36;79;97;56;96;75;42;17;24;21;32;90;29;26;88;65;54;88;12;7;65;19;87;60;2;8;10;35;52;55;53;87;66;61;89;100;21;25;22;54;96;66;50;15;79;67;57;86;85;94;15;73;79;62;59;80;23;66;17;35;21;11;86;57;90;57;39;93;71;20;94;9;82;69;32;46;92;92;44;90;29;40;37;93;56;55;59;35;32;37;63;21;39;29;65;46;6;24;6;11;22
18;27;52;97;61;91;9;45;38;74;97;92;61;54;47;74;16;55;30;29;59;98;68;59;47;26;79;65;66;37;86;59;37;70;46;26;31;62;36;19;90;60;63;33;55;22;86;61;78;95;47;3;24;42;62;78;6;47;61;57;16;3;28;93;4;80;19;23;34;18;68;43;28;94;71;34;58;42;5;51;29;16;10;55;63;36;87;3;63;2;92;87;38;77;95;85;92;88;75;46;90;37;8;34;78;10;84;57;50;63;14;70;29;60;12;75;53;40;49;74;63;64;53;99;34;76;82;37;64;25;85;36;11;70;29;11;22;93;4;45;28
1;21;100;61;98;63;39;90;16;47;79;94;42;63;47;60;39;86;51;68;87;24;33;64;85;79;90;49;37;11;20;94;37;7;61;14;47;69;59;89;10;77;9;77;4;98;84;70;72;77;21;9;71;40;45;32;53;85;93;28;55;1;1;67;48;99;84;9;73;23;21;3;41;88;71;60;76;79;2;96;88;54;69;33;71;16;60;70;20;39;47;66;100;82;26;35;48;96;97;51;50;73;84;43;36;31;6;56;14;15;77;99;77;77;66;86;43;40;54;66;33;89;4;58;83;59;3;8;4;80;85;40;9;6;73;91
30;36;81;8;22;27;51;70;35;82;67;76;66;99;99;72;58;18;5;90;86;88;4;43;42;32;3;98;85;3;98;39;93;78;60;97;95;58;55;43;51;29;60;18;17;87;41;97;45;90;64;28;32;43;96;76;70;59;37;35;82;29;16;76;58;41;71;8;9;82;66;2;90;65;57;34;91;6;52;88;91;35;98;58;70;37;59;4;28;65;95;53;2;64;96;34;89;84;32;8;85;77;47;44;13;12;14;10;85;41;76;71;47;14;26;70;85;77;34;65;56;72;40;88;61
15;67;70;77;65;47;49;68;78;10;40;82;33;62;100;3;87;75;34;51;14;58;91;8;32;67;93;7;43;19;20;56;39;71;39;14;80;75;1;93;76;71;100;46;59;69;7;41;42;52;79;92;20;63;51;67;4;81;14;57;18;58;74;2;28;69;23;89;12;58;22;23;89;27;41;85;14;54;71;89;38;99;73;57;87;88;63;68;89;74;20;61;82;98;21;39;38;20;23;41;88;17;80;86;44;44;76;57;67;69;78;17;34;72;77;59;48;3;42;72;34;21;99;19;99;11;38;88
15;41;55;38;80;82;7;57;10;57;88;34;67;34;50;59;45;7;17;29;17;22;11;16;68;82;87;4;96;10;69;51;32;1;43;82;96;53;96;99;97;95;25;32;83;72;53;48;63;10;93;19;78;40;39;32;12;54;95;4;44;37;33;19;53;22;39;78;86;85;38;88;21;31;62;39;60;45;16;76;9;47;23;7;15;28;95;22;80;2;24;55;8;2;31;24;85;59;7;90;49
95;14;36;84;26;89;13;32;68;23;78;73;39;53;98;57;62;13;24;99;32;81;61;6;62;22;49;78;5;41;94;98;67;76;57;33;44;88;40;22;84;20;19;56;36;96;26;34;48;96;98;33;19;43;98;62;76;15;76;60;20;92;41;20;69;17;49;46;100;96;18;83;93;91;76;87;48;65;30;81;2;71;48;78;30;95;68;60;81;25;77;44;69;6;32;38;7;89;36;89;84;75;6;71;62;83;30;3;59;75;42;88;83;6;81;6;75;25;82;22;18;39;4;75;66;52;39;23;41;69;46;57;48;78;40;19;4;9;74;32;79;1;88;87;71;68;26;26;9;29
53;40;6;82;60;24;5;35;89;51;60;34;79;17;85;35;24;94;1;28;83;84;43;32;94;38;34;72;82;12;91;40;36;7;38;38;85;69;87;25;33;49;28;41;64;57;83;87;25;76;28;58;93;11;27;97;75;74;65;10;12;81;76;52;53;72;31;28;96;52;27;30;47;20;19;77;23;7;90;61;77;89;5;73;81;9;24;21;48;53;83;42;85;72;74;91;80;79;4;63;28;12;74;87;96;75;80;64;81;47;61;18;58;61;6;31;67;9;77;60;25;60;22;48;57;54;45;19;18;100;28;76;45;15;9;49;8;88;73;22
3;81;66;95;16;18;98;50;77;13;34;80;79;48;19;90;46;2;42;74;37;84;78;60;93;9;73;10;19;64;27;5;55;47;12;14;84;9;28;9;50;47;77;14;3;77;7;29;35;13;59;57;22;93;45;67;6;1;76;28;15;61;71;37;9;19;45;7;64;29;77;10;51;49;99;6;60;42;4;21;16;9;28;24;98;46;43;22;82;41;44;41;24;51;98;35;24;55;37;69;94;61;92;96;2;67
14;84;7;90;65;80;34;94;56;79;72;61;47;17;29;21;15;68;62;92;23;59;80;84;86;52;7;58;23;20;17;71;35;65;67;71;56;91;83;72;89;40;92;32;8;76;50;87;73;71;54;35;60;34;87;76;98;67;20;5;98;87;64;21;77;94;11;60;66;59;76;44;11;54;60;2;37;59;24;46;39;34;61;7;87;96;23;79;36;99;4;61;82;91;71;50;60;53;42;29;64;81;85;77;61;29;51;91;53
64;20;64;64;37;48;33;7;65;35;55;15;16;63;2;16;92;50;80;37;28;90;66;93;23;49;71;26;44;7;2;48;11;1;97;79;99;62;39;3;96;53;81;98;99;21;94;9;28;56;11;88;14;30;72;1;82;44;3;100;74;93;51;51;22;75;70;75;7;79;39;64;63;37;53;9;37;63;56;67;77;31;49;84;84;40;64;28;12;48;69;44;21;19;27;65;26;76;94;25;81;32;35;13;23;7;88;82;96;81;9;83;70;18;10;40;95;86;68;18;13;76;64;51;23;76;85;56;55;65
88;35;98;9;58;13;94;5;100;65;56;81;69;21;68;16;93;40;87;55;70;55;78;28;22;1;79;66;97;67;84;59;89;46;63;62;70;36;91;12;45;91;100;24;30;87;11;29;56;17;1;26;93;7;30;34;52;42;6;3;27;31;84;48;98;87;5;59;37;24;29;89;42;83;32;19;66;22;21;6;88;79;10;94;26;14;19;44;38;43;73;91;88;50;36;87;11;40;93;78;65;19;86;26;55;94;44;24;12;71;100;17;73
21;97;64;43;15;15;67;66;77;67;98;24;38;61;21;12;98;25;95;17;84;63;3;79;87;45;22;79;2;86;6;65;18;44;11;50;18;10;61;88;32;45;24;3;92;15;30;72;100;94;18;69;46;59;43;2;100;31;46;92;21;25;28;61;13;34;11;51;70;74;76;46;88;42;55;53;77;88;11;64;83;51;66;95;75;23;4;5;59;18;90;11;84;93;87;5;28;41;72;6;32;98;83;97;49;18;13;62;5;54;25;8;91;24;95;90;49;28;70;24;2;75;7;99;19;59;75;66;88;71;1;28;28;31;30;70;95;54;44;61;50;28;100;25;13;21;77;72
59;25;77;38;80;90;84;68;2;89;18;70;82;52;91;75;48;45;57;28;45;50;100;50;63;66;82;47;60;44;75;67;65;58;7;1;57;66;72;15;72;42;82;61;90;36;71;46;63;36;83;99;62;53;49;92;95;44;92;19;24;85;14;45;53;37;65;19;92;100;24;31;81;75;29;24;8;45;78;40;75;21;94;72;57;38;38;79;38;10;9;19;55;13;65;74;1;7;15;98;45;77;69;15;49;87;43;33;91;17;55;64;64;65;97;29;59;43;68;43;20;97;14;85;76;27;60;74;49;13;20;6;39;72;32;18;35
35;35;10;83;28;39;11;95;42;74;3;29;8;54;88;55;22;85;16;91;56;15;36;66;26;98;81;1;38;41;44;89;11;25;100;28;43;80;53;80;25;72;94;63;83;98;21;26;69;7;77;16;82;37;20;55;57;93;69;74;100;56;9;53;51;31;14;85;47;63;78;82;72;19;67;90;58;35;87;16;77;35;26;60;38;60;13;28;21;70;86;2;58;34;39;34;31;84;89;23;86;4;66;61;53;99;91;50;20;44;74;76;12;48;19;72;5;61;28;78;46;22;84;12;38;62;92;61;58;27;38;11;40;4
57;4;80;55;15;87;15;40;65;84;9;93;75;8;8;94;51;42;70;50;8;88;59;44;83;50;96;41;40;50;33;47;59;39;71;3;29;4;83;87;93;30;70;57;33;89;91;20;8;65;24;30;40;58;45;12;18;13;95;24;38;78;94;13;30;37;34;14;85;22;28;5;51;64;92;2;92;30;13;67;43;68;82;94;84;78;3;6;99;51;63;22;52;36;47;24;23;91;23;77;53;80;3;42;41;97;53;53;10;49;47;91;79;62;90;94;67;78;68;1;59;1;43
35;75;22;28;87;44;28;79;92;68;2;40;33;99;22;83;59;62;54;39;66;83;15;100;7;39;5;19;20;100;87;70;19;18;88;36;7;6;11;39;51;91;41;32;96;93;34;100;56;6;54;50;78;73;16;15;73;85;69;90;32;20;18;85;19;46;18;54;20;45;37;43;54;28;6;22;39;100;40;75;25;95;42;5;3;78;94;84;70;90;10;65;2;99;22;76;24;51;77;95;20;91;3;9;83;57;62;90;79;91;41;37;80;24;83;43;22;12;3;55;27;35;92;54;42;15;16;87;46;86;41;34;64;56;6;78;3;47
64;74;60;4;64;14;37;22;17;16;12;87;63;42;23;50;25;95;87;89;24;1;46;67;11;79;65;28;39;86;83;94;66;13;35;71;26;28;95;28;48;8;41;24;92;26;32;73;29;68;36;43;2;96;69;87;27;44;53;25;11;8;2;85;17;9;41;58;100;49;25;17;66;42;23;49;62;18;42;19;40;40;46;67;14;83;74;41;33;22;68;84;36;12;14;47;62;66;88;18;82;60;69;59;29;54;69;38;19;36;15;30;5;37;19;30;72;86;85;60;98;33;87;11;8;43;64;90;56;17;45;34
66;41;97;98;56;76;78;43;16;14;100;68;44;24;91;54;39;90;72;66;36;11;42;53;52;54;68;97;86;42;64;7;69;18;20;47;46;21;62;18;92;4;52;37;47;87;31;64;91;85;15;6;98;72;50;52;88;94;99;99;47;58;2;3;83;86;99;55;51;5;10;64;64;61;88;82;70;49;9;74;17;59;26;8;98;89;44;40;92;5;9;4;38;25;44;70;84;66;98;84;46;54;70;71;64;85;93;75;70;21;45;11;28;13;84;91;33;31;29;32;37;41;38;13;44;34;62;17;5;96;5;11;9;72;16;39;89;14;36;80;35;37;16;18;46;8;15
50;61;4;57;19;23;64;13;10;71;96;100;49;14;35;80;47;23;1;49;44;35;33;24;58;43;43;31;29;15;39;48;69;25;66;35;80;20;14;45;20;79;92;83;24;42;64;95;16;26;25;39;76;21;84;33;14;28;15;63;82;82;31;41;58;98;21;2;56;88;70;55;14;53;56;65;6;64;51;69;14;63;4;97;94;58;88;97;98;16;54;20;89;26;33;42;89;49;66;69;39;89;3;72;32;95;83;73;82;10;2;39;8;9;60;52;7;60;76;36;80;86;91;3;6;5;54;80;47;76;42;54;24;14;91;63;31
32;5;8;69;54;6;91;34;10;19;30;58;6;65;66;25;40;39;95;81;99;55;39;35;86;76;21;75;5;53;44;26;25;53;47;3;13;85;99;32;7;86;86;50;58;87;58;71;54;52;52;23;45;71;37;79;26;37;77;73;65;52;39;55;89;5;28;48;43;74;47;56;53;62;22;44;48;73;87;20;79;19;21;14;59;27;39;68;97;38;99;38;75;94;98;54;64;7;19;15;92;44;58;37;68;14;76;27;56;41;83;100
60;91;73;21;45;69;53;70;4;91;73;91;70;16;68;33;46;1;45;56;3;60;17;4;51;58;23;79;1;45;63;94;5;70;70;23;13;77;78;85;66;51;4;30;81;76;75;67;87;75;85;74;9;65;45;16;85;8;1;74;61;53;19;84;23;3;99;31;50;88;42;94;66;49;24;73;90;100;86;22;92;85;40;80;30;43;39;71;34;9;40;6;84;27;12;4;19;62;62;63;82;91;74;71;60;89;67;23;85;62;17;42;87;43;2;26;32;68;43;43;13;48;67;74;4;42;39;38;79;48;74;74;69;9;87;24;55;36;35;16;31;10;29;78;17;55;22;93;39;78
29;12;35;16;50;82;95;67;80;18;29;41;62;61;51;63;4;97;50;90;53;23;26;10;96;60;6;83;52;91;62;2;64;79;75;80;67;53;64;14;57;99;20;27;32;17;93;86;16;78;86;56;88;74;78;3;34;32;62;57;30;43;72;51;78;35;11;25;29;72;54;44;19;25;50;75;8;86;52;50;72;51;90;39;21;78;43;58;64;92;92;49;30;1;45;11;1;81;54;69;61;94;96;25;74;2;52;85;21;23;99;72;21;34;45;90;79;53;1;71;79;62;3;99;82;83;83;74;90;62
95;100;4;72;61;17;61;8;1;54;99;10;56;36;55;20;80;13;29;81;34;21;32;98;68;100;24;63;31;39;22;8;32;36;68;4;61;52;92;56;22;40;73;72;8;45;12;72;26;59;58;90;99;34;26;47;94;94;23;59;1;89;56;83;81;33;64;86;50;61;11;35;55;9;65;89;23;85;63;45;67;34;37;16;19;44;21;65;51;54;68;41;12;12;96;24;96;86;85;95;71;32;87;63;11;18;35;49;9;33;83;8;20;68;10;16;82;3;66;57;89;37;42;66;44;67;55;81;22;86;43;81;62;9;38;55;96;93;20;36;69;47;26;4;83;61
18;68;63;44;88;20;11;69;97;30;89;70;94;77;9;62;92;19;65;83;99;85;83;32;46;10;82;64;86;3;97;36;81;6;36;99;27;97;18;68;14;89;19;62;47;3;62;52;24;71;76;40;44;51;6;69;28;22;75;29;40;66;17;2;73;77;2;26;93;29;33;64;76;65;76;20;88;25;17;73;100;100;50;67;49;18;80;22;87;4;45;22;87;14;42;84;100;53;25;83;20;92;59;75;60;66;31;45;25;25;70;88;85;78;54;10;53;14;13;82;60;61;70;36;41;50;61;15;32;31;22;85;17;83;10
65;14;97;81;84;34;13;82;100;83;90;77;83;52;64;86;73;43;46;63;98;14;61;47;98;2;57;21;89;20;32;87;76;39;38;94;24;47;69;64;91;1;48;83;91;69;50;1;43;54;88;73;33;96;72;48;30;41;69;17;80;87;35;45;5;6;40;26;21;3;44;53;77;22;16;97;52;89;59;35;8;86;67;86;96;45;1;15;68;96;77;68;77;68;92;100;92;29;64;11;97;47;93;25;47;11;22;45;86;81;72;74;66;50;93;70;3;81;31;50;81;43;5
20;66;18;84;20;62;14;51;97;93;8;86;56;38;60;18;2;22;68;50;92;29;52;33;94;84;40;7;30;85;48;48;70;84;100;6;10;16;60;10;97;26;77;26;66;3;49;34;19;5;7;20;89;26;34;96;57;46;15;96;20;29;11;33;72;4;64;78;15;11;16;28;64;95;11;7;40;71;62;79;65;73;90;52;80;10;64;5;13;33;89;33;96;82;38;60;86;2;69;70;37;27;31;91;21;96;94;44;58;98;1;55;94;69;95;94
50;29;52;22;56;65;66;12;53;13;26;60;28;65;72;40;74;40;4;91;93;79;4;27;4;93;25;41;51;26;99;70;26;4;59;92;75;19;100;76;68;21;20;72;27;33;70;95;40;58;70;53;43;100;2;95;85;10;83;72;99;65;24;20;18;66;47;8;40;57;36;36;87;91;50;38;91;44;53;27;84;5;56;26;34;71;83;42;5;51;55;86;88;56;81;1;1;63;2;74;90;3;28;10;46;45;86;70;46;40;8;100;75;39;45;66;33;31;84;98;95;1
