instance,family,seed,init,algo,feasible,violation,best_max_avg,best_sum_avg,elapsed_s,error
data/MSB/6,MSB,1,round_robin,ls,True,0.0,1.75,19.0,0.20001912117004395,
data/MSB/6,MSB,1,round_robin,sa,True,0.0,1.75,19.0,0.20001697540283203,
data/MSB/6,MSB,1,round_robin,tabu,True,0.0,1.75,19.0,0.20005083084106445,
data/MSB/6,MSB,1,round_robin,ga,True,0.0,1.75,19.0,0.2074260711669922,
data/MSB/6,MSB,1,random,ls,True,0.0,2.0,19.083333333333332,0.2000131607055664,
data/MSB/6,MSB,1,random,sa,True,0.0,2.0,19.083333333333332,0.20000290870666504,
data/MSB/6,MSB,1,random,tabu,True,0.0,2.0,19.083333333333332,0.20011687278747559,
data/MSB/6,MSB,1,random,ga,True,0.0,1.75,19.25,0.20663714408874512,
data/MSB/6,MSB,1,greedy_fair,ls,True,0.0,2.0,20.25,0.20000815391540527,
data/MSB/6,MSB,1,greedy_fair,sa,True,0.0,2.0,20.25,0.20000481605529785,
data/MSB/6,MSB,1,greedy_fair,tabu,True,0.0,2.0,20.25,0.2003178596496582,
data/MSB/6,MSB,1,greedy_fair,ga,True,0.0,2.0,20.25,0.20313000679016113,
data/FLB/4,FLB,1,round_robin,ls,True,0.0,1.28,3.543157894736842,0.20000982284545898,
data/FLB/4,FLB,1,round_robin,sa,True,0.0,1.2105263157894737,3.5533834586466164,0.20001006126403809,
data/FLB/4,FLB,1,round_robin,tabu,True,0.0,1.2105263157894737,3.481954887218045,0.20035815238952637,
data/FLB/4,FLB,1,round_robin,ga,True,0.0,1.2105263157894737,3.5533834586466164,0.20100927352905273,
data/FLB/4,FLB,1,random,ls,True,0.0,1.2105263157894737,3.5533834586466164,0.20000886917114258,
data/FLB/4,FLB,1,random,sa,True,0.0,1.2105263157894737,3.5533834586466164,0.20000100135803223,
data/FLB/4,FLB,1,random,tabu,True,0.0,1.2105263157894737,3.5533834586466164,0.20044398307800293,
data/FLB/4,FLB,1,random,ga,True,0.0,1.2105263157894737,3.5533834586466164,0.20036983489990234,
data/FLB/4,FLB,1,greedy_fair,ls,True,0.0,1.3571428571428572,3.6476691729323307,0.20000171661376953,
data/FLB/4,FLB,1,greedy_fair,sa,True,0.0,1.2105263157894737,3.5533834586466164,0.20000505447387695,
data/FLB/4,FLB,1,greedy_fair,tabu,True,0.0,1.2105263157894737,3.5533834586466164,0.2003030776977539,
data/FLB/4,FLB,1,greedy_fair,ga,True,0.0,1.2105263157894737,3.5533834586466164,0.20028424263000488,
data/FLE/10,FLE,1,round_robin,ls,False,150.0,8.172413793103448,19.387326073805202,0.2000131607055664,
data/FLE/10,FLE,1,round_robin,sa,False,136.0,8.517241379310345,19.690486993345434,0.20001816749572754,
data/FLE/10,FLE,1,round_robin,tabu,False,112.0,8.03448275862069,19.40509679370841,0.20085597038269043,
data/FLE/10,FLE,1,round_robin,ga,False,239.0,8.689655172413794,19.391409558378705,6.273819923400879,
data/FLE/10,FLE,1,random,ls,False,126.0,6.684210526315789,19.50604960677556,0.20000696182250977,
data/FLE/10,FLE,1,random,sa,False,85.0,6.75,20.15834845735027,0.20000100135803223,
data/FLE/10,FLE,1,random,tabu,False,126.0,6.517241379310345,19.449258923169992,0.20052599906921387,
data/FLE/10,FLE,1,random,ga,False,169.0,7.0344827586206895,19.687991530550516,6.36179780960083,
data/FLE/10,FLE,1,greedy_fair,ls,False,254.0,10.5,18.968239564428313,0.20000672340393066,
data/FLE/10,FLE,1,greedy_fair,sa,False,174.0,10.708333333333334,19.603070175438596,0.20001578330993652,
data/FLE/10,FLE,1,greedy_fair,tabu,False,186.0,10.75,19.259981851179674,0.2001800537109375,
data/FLE/10,FLE,1,greedy_fair,ga,False,275.0,8.631578947368421,22.686176648517847,6.279804944992065,
data/FLB/2,FLB,1,round_robin,ls,True,0.0,2.0,6.0,0.20000100135803223,
data/FLB/2,FLB,1,round_robin,sa,True,0.0,2.0,6.0,0.20000076293945312,
data/FLB/2,FLB,1,round_robin,tabu,True,0.0,2.0,6.0,0.20005226135253906,
data/FLB/2,FLB,1,round_robin,ga,True,0.0,2.0,6.0,0.2022709846496582,
data/FLB/2,FLB,1,random,ls,True,0.0,2.0,6.0,0.20000624656677246,
data/FLB/2,FLB,1,random,sa,True,0.0,2.0,6.0,0.20000624656677246,
data/FLB/2,FLB,1,random,tabu,True,0.0,2.0,6.0,0.20000886917114258,
data/FLB/2,FLB,1,random,ga,True,0.0,2.0,6.0,0.20071983337402344,
data/FLB/2,FLB,1,greedy_fair,ls,True,0.0,2.0,6.0,0.20001006126403809,
data/FLB/2,FLB,1,greedy_fair,sa,True,0.0,2.0,6.0,0.20000076293945312,
data/FLB/2,FLB,1,greedy_fair,tabu,True,0.0,2.0,6.0,0.20005083084106445,
data/FLB/2,FLB,1,greedy_fair,ga,True,0.0,2.0,6.0,0.20215201377868652,
data/MLE/4,MLE,1,round_robin,ls,True,0.0,12.470588235294118,89.99034967096887,0.20004010200500488,
data/MLE/4,MLE,1,round_robin,sa,True,0.0,12.529411764705882,90.82238658142683,0.20006179809570312,
data/MLE/4,MLE,1,round_robin,tabu,True,0.0,12.36,90.23608526664255,0.20075607299804688,
data/MLE/4,MLE,1,round_robin,ga,True,0.0,12.647058823529411,90.08682025920415,18.9455668926239,
data/MLE/4,MLE,1,random,ls,False,670.0,9.0,88.07692466460269,0.20000910758972168,
data/MLE/4,MLE,1,random,sa,False,403.0,9.352941176470589,92.57335558146704,0.20000505447387695,
data/MLE/4,MLE,1,random,tabu,False,719.0,9.0,88.09458847653895,0.20012784004211426,
data/MLE/4,MLE,1,random,ga,False,969.0,9.588235294117647,88.38977457011514,19.121572971343994,
data/MLE/4,MLE,1,greedy_fair,ls,False,371.0,13.785714285714286,94.83343988313028,0.20002007484436035,
data/MLE/4,MLE,1,greedy_fair,sa,False,150.0,13.0,98.30726977872487,0.20003890991210938,
data/MLE/4,MLE,1,greedy_fair,tabu,False,297.0,13.0,94.82286478227654,0.20053505897521973,
data/MLE/4,MLE,1,greedy_fair,ga,False,422.0,15.0,95.86960382239019,19.136186122894287,
data/MLB/1,MLB,1,round_robin,ls,True,0.0,1.95,24.707011849519585,0.20000100135803223,
data/MLB/1,MLB,1,round_robin,sa,True,0.0,1.96,24.697011849519587,0.20000791549682617,
data/MLB/1,MLB,1,round_robin,tabu,True,0.0,1.95,24.757011849519586,0.2008650302886963,
data/MLB/1,MLB,1,round_robin,ga,True,0.0,1.96,24.697011849519587,0.20258474349975586,
data/MLB/1,MLB,1,random,ls,True,0.0,2.0,24.936656882848833,0.2000110149383545,
data/MLB/1,MLB,1,random,sa,True,0.0,2.0,24.936656882848833,0.20000410079956055,
data/MLB/1,MLB,1,random,tabu,True,0.0,2.0,24.936656882848833,0.2000257968902588,
data/MLB/1,MLB,1,random,ga,True,0.0,2.0,24.936656882848833,0.20870494842529297,
data/MLB/1,MLB,1,greedy_fair,ls,True,0.0,2.0,24.24090909090909,0.20001935958862305,
data/MLB/1,MLB,1,greedy_fair,sa,True,0.0,2.0,24.24090909090909,0.2000288963317871,
data/MLB/1,MLB,1,greedy_fair,tabu,True,0.0,2.0,24.24090909090909,0.20044398307800293,
data/MLB/1,MLB,1,greedy_fair,ga,True,0.0,2.0,24.24090909090909,0.20407700538635254,
data/MLB/6,MLB,1,round_robin,ls,True,0.0,1.7391304347826086,20.076211405814988,0.20000529289245605,
data/MLB/6,MLB,1,round_robin,sa,True,0.0,1.4545454545454546,21.114153461627883,0.20000219345092773,
data/MLB/6,MLB,1,round_robin,tabu,True,0.0,1.6,21.122186402685124,0.20065522193908691,
data/MLB/6,MLB,1,round_robin,ga,True,0.0,1.7,21.889553934982324,0.26184606552124023,
data/MLB/6,MLB,1,random,ls,True,0.0,1.588235294117647,21.09735332868325,0.2000110149383545,
data/MLB/6,MLB,1,random,sa,True,0.0,1.5,21.5793835959437,0.20000982284545898,
data/MLB/6,MLB,1,random,tabu,True,0.0,1.4666666666666666,21.30423149953201,0.20150399208068848,
data/MLB/6,MLB,1,random,ga,True,0.0,1.7,21.889553934982324,0.25789713859558105,
data/MLB/6,MLB,1,greedy_fair,ls,True,0.0,2.1,21.88868778280543,0.20002269744873047,
data/MLB/6,MLB,1,greedy_fair,sa,True,0.0,1.5,21.326600179445446,0.20003390312194824,
data/MLB/6,MLB,1,greedy_fair,tabu,True,0.0,1.8,21.758692745873056,0.20167088508605957,
data/MLB/6,MLB,1,greedy_fair,ga,True,0.0,1.7,21.889553934982324,0.2565290927886963,
data/MSB/9,MSB,1,round_robin,ls,True,0.0,2.0,21.416666666666664,0.20000100135803223,
data/MSB/9,MSB,1,round_robin,sa,True,0.0,2.0,21.416666666666664,0.20001816749572754,
data/MSB/9,MSB,1,round_robin,tabu,True,0.0,2.0,21.416666666666664,0.20037102699279785,
data/MSB/9,MSB,1,round_robin,ga,True,0.0,2.0,21.416666666666664,0.2029399871826172,
data/MSB/9,MSB,1,random,ls,True,0.0,2.0,21.583333333333332,0.20001506805419922,
data/MSB/9,MSB,1,random,sa,True,0.0,2.0,21.583333333333332,0.20000123977661133,
data/MSB/9,MSB,1,random,tabu,True,0.0,2.0,21.583333333333332,0.2001972198486328,
data/MSB/9,MSB,1,random,ga,True,0.0,2.0,21.583333333333332,0.20948576927185059,
data/MSB/9,MSB,1,greedy_fair,ls,True,0.0,2.0,20.75,0.20000386238098145,
data/MSB/9,MSB,1,greedy_fair,sa,True,0.0,2.0,20.75,0.20000100135803223,
data/MSB/9,MSB,1,greedy_fair,tabu,True,0.0,2.0,20.75,0.20005106925964355,
data/MSB/9,MSB,1,greedy_fair,ga,True,0.0,2.0,20.75,0.21167373657226562,
data/FSE/5,FSE,1,round_robin,ls,False,177.0,13.5,26.5,0.2000110149383545,
data/FSE/5,FSE,1,round_robin,sa,False,177.0,14.0,26.5,0.20000100135803223,
data/FSE/5,FSE,1,round_robin,tabu,False,127.0,6.5,12.0,0.20014309883117676,
data/FSE/5,FSE,1,round_robin,ga,False,127.0,6.5,12.0,0.2012782096862793,
data/FSE/5,FSE,1,random,ls,False,177.0,13.5,26.5,0.20000982284545898,
data/FSE/5,FSE,1,random,sa,False,177.0,14.0,26.5,0.20000910758972168,
data/FSE/5,FSE,1,random,tabu,False,127.0,6.5,12.0,0.2000720500946045,
data/FSE/5,FSE,1,random,ga,False,127.0,6.5,12.0,0.20218706130981445,
data/FSE/5,FSE,1,greedy_fair,ls,False,177.0,13.5,26.5,0.20000100135803223,
data/FSE/5,FSE,1,greedy_fair,sa,False,177.0,14.0,26.5,0.20000576972961426,
data/FSE/5,FSE,1,greedy_fair,tabu,False,127.0,6.5,12.0,0.20004487037658691,
data/FSE/5,FSE,1,greedy_fair,ga,False,127.0,6.5,12.0,0.2019519805908203,
data/FLB/7,FLB,1,round_robin,ls,True,0.0,1.4,2.4,0.20000672340393066,
data/FLB/7,FLB,1,round_robin,sa,True,0.0,1.4,2.4,0.20000100135803223,
data/FLB/7,FLB,1,round_robin,tabu,False,3.0,1.3636363636363635,2.63030303030303,0.2000739574432373,
data/FLB/7,FLB,1,round_robin,ga,True,0.0,1.4,2.4,0.6109659671783447,
data/FLB/7,FLB,1,random,ls,True,0.0,1.4,2.4,0.20000696182250977,
data/FLB/7,FLB,1,random,sa,True,0.0,1.4,2.4,0.20000195503234863,
data/FLB/7,FLB,1,random,tabu,True,0.0,1.4,2.4,0.20029282569885254,
data/FLB/7,FLB,1,random,ga,True,0.0,1.4,2.4,0.6085031032562256,
data/FLB/7,FLB,1,greedy_fair,ls,True,0.0,1.4,2.4,0.20000314712524414,
data/FLB/7,FLB,1,greedy_fair,sa,True,0.0,1.4,2.4,0.20000791549682617,
data/FLB/7,FLB,1,greedy_fair,tabu,True,0.0,1.4,2.4,0.20001888275146484,
data/FLB/7,FLB,1,greedy_fair,ga,True,0.0,1.4,2.4,0.6087841987609863,
data/MMLE/1,MMLE,1,round_robin,ls,True,0.0,42.55555555555556,975.9611909655654,0.20017409324645996,
data/MMLE/1,MMLE,1,round_robin,sa,True,0.0,42.55555555555556,975.9611909655654,0.20038604736328125,
data/MMLE/1,MMLE,1,round_robin,tabu,True,0.0,42.592592592592595,975.9357280026024,0.20791316032409668,
data/MMLE/1,MMLE,1,round_robin,ga,True,0.0,42.592592592592595,975.9357280026024,137.0896861553192,
data/MMLE/1,MMLE,1,random,ls,False,1258.0,31.76923076923077,1036.312620297924,0.20032906532287598,
data/MMLE/1,MMLE,1,random,sa,False,1342.0,31.76923076923077,1035.8233405602937,0.20021820068359375,
data/MMLE/1,MMLE,1,random,tabu,False,1439.0,31.76923076923077,1035.9864790126446,0.20297789573669434,
data/MMLE/1,MMLE,1,random,ga,False,2166.0,31.76923076923077,1036.0929855807892,137.01868200302124,
data/MMLE/1,MMLE,1,greedy_fair,ls,False,833.0,47.857142857142854,1046.2257553397048,0.20000100135803223,
data/MMLE/1,MMLE,1,greedy_fair,sa,False,737.0,47.857142857142854,1045.889019804945,0.20013213157653809,
data/MMLE/1,MMLE,1,greedy_fair,tabu,False,1163.0,47.92857142857143,1047.0313513210886,0.2002570629119873,
data/MMLE/1,MMLE,1,greedy_fair,ga,False,1323.0,47.857142857142854,1046.3150459885453,137.01062393188477,
data/FLE/9,FLE,1,round_robin,ls,False,105.0,7.392857142857143,20.92989417989418,0.20000004768371582,
data/FLE/9,FLE,1,round_robin,sa,False,85.0,7.333333333333333,21.321428571428573,0.2000277042388916,
data/FLE/9,FLE,1,round_robin,tabu,False,71.0,7.428571428571429,20.780423280423282,0.20079994201660156,
data/FLE/9,FLE,1,round_robin,ga,False,191.0,7.703703703703703,20.822751322751323,5.972492933273315,
data/FLE/9,FLE,1,random,ls,False,176.0,6.785714285714286,19.906084656084655,0.20001888275146484,
data/FLE/9,FLE,1,random,sa,False,103.0,7.035714285714286,20.239417989417987,0.2000138759613037,
data/FLE/9,FLE,1,random,tabu,False,71.0,6.892857142857143,20.226190476190478,0.20080113410949707,
data/FLE/9,FLE,1,random,ga,False,336.0,7.107142857142857,20.023809523809522,5.952713966369629,
data/FLE/9,FLE,1,greedy_fair,ls,False,237.0,9.851851851851851,19.482804232804234,0.20000505447387695,
data/FLE/9,FLE,1,greedy_fair,sa,False,141.0,9.851851851851851,20.316137566137566,0.20000600814819336,
data/FLE/9,FLE,1,greedy_fair,tabu,False,170.0,9.185185185185185,19.95899470899471,0.2001199722290039,
data/FLE/9,FLE,1,greedy_fair,ga,False,346.0,10.37037037037037,19.608465608465607,5.970473051071167,
data/MSE/8,MSE,1,round_robin,ls,False,58.0,14.333333333333334,105.9,0.20002508163452148,
data/MSE/8,MSE,1,round_robin,sa,False,58.0,14.333333333333334,110.4,0.2000291347503662,
data/MSE/8,MSE,1,round_robin,tabu,False,72.0,15.0,107.86666666666667,0.20015430450439453,
data/MSE/8,MSE,1,round_robin,ga,False,84.0,12.0,129.95,13.019875764846802,
data/MSE/8,MSE,1,random,ls,False,162.0,11.75,105.16666666666666,0.20001482963562012,
data/MSE/8,MSE,1,random,sa,False,137.0,11.75,107.45,0.2000288963317871,
data/MSE/8,MSE,1,random,tabu,False,88.0,11.333333333333334,112.98333333333333,0.20021891593933105,
data/MSE/8,MSE,1,random,ga,False,84.0,12.0,129.95,13.01271915435791,
data/MSE/8,MSE,1,greedy_fair,ls,False,131.0,16.0,109.71666666666667,0.20006108283996582,
data/MSE/8,MSE,1,greedy_fair,sa,False,111.0,15.666666666666666,116.18333333333335,0.20000195503234863,
data/MSE/8,MSE,1,greedy_fair,tabu,False,70.0,16.0,109.98333333333335,0.20002079010009766,
data/MSE/8,MSE,1,greedy_fair,ga,False,84.0,12.0,129.95,12.93816614151001,
data/MSE/7,MSE,1,round_robin,ls,False,45.0,12.333333333333334,99.95,0.20002198219299316,
data/MSE/7,MSE,1,round_robin,sa,False,45.0,12.333333333333334,100.45,0.20001602172851562,
data/MSE/7,MSE,1,round_robin,tabu,False,81.0,12.666666666666666,99.23333333333333,0.20014524459838867,
data/MSE/7,MSE,1,round_robin,ga,False,81.0,12.666666666666666,99.23333333333333,11.101670265197754,
data/MSE/7,MSE,1,random,ls,False,117.0,9.4,87.63333333333333,0.20000004768371582,
data/MSE/7,MSE,1,random,sa,False,69.0,9.6,97.11666666666667,0.20000505447387695,
data/MSE/7,MSE,1,random,tabu,False,71.0,9.8,92.23333333333333,0.20060300827026367,
data/MSE/7,MSE,1,random,ga,False,127.0,11.5,112.68333333333334,11.088401079177856,
data/MSE/7,MSE,1,greedy_fair,ls,False,216.0,10.25,84.53333333333333,0.20001983642578125,
data/MSE/7,MSE,1,greedy_fair,sa,False,182.0,10.5,83.45,0.20004701614379883,
data/MSE/7,MSE,1,greedy_fair,tabu,False,63.0,11.0,90.48333333333333,0.20003032684326172,
data/MSE/7,MSE,1,greedy_fair,ga,False,127.0,11.5,112.68333333333334,11.10897183418274,
data/MLE/1,MLE,1,round_robin,ls,True,0.0,12.692307692307692,98.846098037847,0.20000100135803223,
data/MLE/1,MLE,1,round_robin,sa,True,0.0,12.576923076923077,99.45116477904858,0.2000441551208496,
data/MLE/1,MLE,1,round_robin,tabu,True,0.0,12.708333333333334,99.07670631564088,0.2030940055847168,
data/MLE/1,MLE,1,round_robin,ga,True,0.0,12.846153846153847,98.80855865381191,21.25446605682373,
data/MLE/1,MLE,1,random,ls,False,372.0,9.642857142857142,98.428212201396,0.2000136375427246,
data/MLE/1,MLE,1,random,sa,False,156.0,9.714285714285714,102.94327537520662,0.20000886917114258,
data/MLE/1,MLE,1,random,tabu,False,372.0,9.285714285714286,98.21834582360098,0.20041108131408691,
data/MLE/1,MLE,1,random,ga,False,522.0,10.071428571428571,98.55016064502026,21.426212072372437,
data/MLE/1,MLE,1,greedy_fair,ls,False,363.0,15.764705882352942,98.49813069301432,0.20003581047058105,
data/MLE/1,MLE,1,greedy_fair,sa,False,213.0,15.352941176470589,99.8155748436468,0.2000269889831543,
data/MLE/1,MLE,1,greedy_fair,tabu,False,258.0,15.647058823529411,99.81526658548384,0.20017099380493164,
data/MLE/1,MLE,1,greedy_fair,ga,False,587.0,15.705882352941176,98.06030677802325,21.590200662612915,
data/MSE/5,MSE,1,round_robin,ls,False,260.0,18.0,119.3,0.20002269744873047,
data/MSE/5,MSE,1,round_robin,sa,False,170.0,20.0,118.85,0.20000290870666504,
data/MSE/5,MSE,1,round_robin,tabu,False,169.0,20.0,108.45,0.20001888275146484,
data/MSE/5,MSE,1,round_robin,ga,False,201.0,16.0,115.9,9.689929008483887,
data/MSE/5,MSE,1,random,ls,False,251.0,18.0,121.35,0.20000100135803223,
data/MSE/5,MSE,1,random,sa,False,209.0,18.0,115.75,0.20004630088806152,
data/MSE/5,MSE,1,random,tabu,False,157.0,19.0,126.4,0.20022797584533691,
data/MSE/5,MSE,1,random,ga,False,201.0,16.0,115.9,9.691628694534302,
data/MSE/5,MSE,1,greedy_fair,ls,False,264.0,20.0,116.0,0.20000100135803223,
data/MSE/5,MSE,1,greedy_fair,sa,False,217.0,20.0,118.5,0.2000267505645752,
data/MSE/5,MSE,1,greedy_fair,tabu,False,179.0,19.0,114.5,0.20003604888916016,
data/MSE/5,MSE,1,greedy_fair,ga,False,201.0,16.0,115.9,9.685196161270142,
data/MSB/8,MSB,1,round_robin,ls,True,0.0,1.5,13.25,0.2000257968902588,
data/MSB/8,MSB,1,round_robin,sa,True,0.0,1.5,13.25,0.20000100135803223,
data/MSB/8,MSB,1,round_robin,tabu,True,0.0,1.3333333333333333,13.666666666666666,0.2006230354309082,
data/MSB/8,MSB,1,round_robin,ga,True,0.0,1.3333333333333333,13.666666666666666,0.2032608985900879,
data/MSB/8,MSB,1,random,ls,True,0.0,1.3333333333333333,13.666666666666666,0.20001220703125,
data/MSB/8,MSB,1,random,sa,True,0.0,1.3333333333333333,13.666666666666666,0.20002198219299316,
data/MSB/8,MSB,1,random,tabu,True,0.0,1.3333333333333333,13.666666666666666,0.2003631591796875,
data/MSB/8,MSB,1,random,ga,True,0.0,1.3333333333333333,13.666666666666666,0.20377397537231445,
data/MSB/8,MSB,1,greedy_fair,ls,True,0.0,2.0,14.083333333333334,0.20001888275146484,
data/MSB/8,MSB,1,greedy_fair,sa,True,0.0,2.0,14.083333333333334,0.2000141143798828,
data/MSB/8,MSB,1,greedy_fair,tabu,True,0.0,1.3333333333333333,13.75,0.2000880241394043,
data/MSB/8,MSB,1,greedy_fair,ga,True,0.0,1.5,15.0,0.2008810043334961,
data/MSE/6,MSE,1,round_robin,ls,False,111.0,12.0,71.85000000000001,0.20000100135803223,
data/MSE/6,MSE,1,round_robin,sa,False,111.0,12.0,71.85000000000001,0.2000408172607422,
data/MSE/6,MSE,1,round_robin,tabu,False,70.0,12.0,72.35,0.20001721382141113,
data/MSE/6,MSE,1,round_robin,ga,False,111.0,12.0,71.85000000000001,9.172149896621704,
data/MSE/6,MSE,1,random,ls,False,149.0,13.0,72.6,0.2000288963317871,
data/MSE/6,MSE,1,random,sa,False,90.0,13.0,80.63333333333333,0.20000004768371582,
data/MSE/6,MSE,1,random,tabu,False,61.0,11.2,73.1,0.20024323463439941,
data/MSE/6,MSE,1,random,ga,False,112.0,13.666666666666666,81.81666666666666,9.082655906677246,
data/MSE/6,MSE,1,greedy_fair,ls,False,126.0,12.0,70.16666666666667,0.20001673698425293,
data/MSE/6,MSE,1,greedy_fair,sa,False,120.0,12.0,77.63333333333334,0.2000422477722168,
data/MSE/6,MSE,1,greedy_fair,tabu,False,98.0,13.0,88.0,0.2001659870147705,
data/MSE/6,MSE,1,greedy_fair,ga,False,112.0,13.666666666666666,81.81666666666666,9.181429862976074,
data/MMLE/2,MMLE,1,round_robin,ls,True,0.0,36.689655172413794,874.9560462241126,0.20005393028259277,
data/MMLE/2,MMLE,1,round_robin,sa,True,0.0,36.689655172413794,874.9560462241126,0.2003788948059082,
data/MMLE/2,MMLE,1,round_robin,tabu,True,0.0,36.689655172413794,874.9560462241126,0.20732641220092773,
data/MMLE/2,MMLE,1,round_robin,ga,True,0.0,36.689655172413794,874.9560462241126,134.97122597694397,
data/MMLE/2,MMLE,1,random,ls,False,943.0,27.764705882352942,934.8401103752699,0.20007014274597168,
data/MMLE/2,MMLE,1,random,sa,False,1015.0,27.764705882352942,935.3552763941733,0.20025014877319336,
data/MMLE/2,MMLE,1,random,tabu,False,928.0,27.764705882352942,934.9412547187798,0.2061476707458496,
data/MMLE/2,MMLE,1,random,ga,False,1386.0,27.764705882352942,935.0039076890672,135.35512375831604,
data/MMLE/2,MMLE,1,greedy_fair,ls,False,684.0,47.5,982.0701787728857,0.20013689994812012,
data/MMLE/2,MMLE,1,greedy_fair,sa,False,663.0,47.55555555555556,982.8548517937883,0.20021677017211914,
data/MMLE/2,MMLE,1,greedy_fair,tabu,False,824.0,47.55555555555556,982.5557954671045,0.2005608081817627,
data/MMLE/2,MMLE,1,greedy_fair,ga,False,1049.0,47.55555555555556,982.5930421511497,135.17169499397278,
data/FSE/10,FSE,1,round_robin,ls,False,356.0,17.0,33.8,0.20000195503234863,
data/FSE/10,FSE,1,round_robin,sa,False,303.0,15.8,30.8,0.20000386238098145,
data/FSE/10,FSE,1,round_robin,tabu,False,224.0,15.0,24.4,0.20001721382141113,
data/FSE/10,FSE,1,round_robin,ga,False,225.0,13.0,22.6,0.20113492012023926,
data/FSE/10,FSE,1,random,ls,False,324.0,17.0,34.0,0.20000100135803223,
data/FSE/10,FSE,1,random,sa,False,283.0,16.4,31.4,0.2000110149383545,
data/FSE/10,FSE,1,random,tabu,False,225.0,13.0,23.4,0.20004010200500488,
data/FSE/10,FSE,1,random,ga,False,225.0,13.0,22.6,0.20161795616149902,
data/FSE/10,FSE,1,greedy_fair,ls,False,356.0,17.0,33.8,0.20000505447387695,
data/FSE/10,FSE,1,greedy_fair,sa,False,303.0,15.8,30.8,0.20000886917114258,
data/FSE/10,FSE,1,greedy_fair,tabu,False,224.0,15.0,24.4,0.20011496543884277,
data/FSE/10,FSE,1,greedy_fair,ga,False,225.0,13.0,22.6,0.20150017738342285,
