46;58;94;92;33;94;74;35;12;24;68;93;30;74;93;37;10;69;6;27;95;97;49
15;5;94;97;59;66;100;36;66;83;36;76;8;42;15
82;28;47;9;57;38;3;73;8;38;31;33;50;5;2;74;21;44;47;42;72;15
18;57;55;56;100;67;44;51;45;54;16;58;67;34;70;20;63;85;75;52;18;27
41;90;47;89;9;7;6;56;39;43;93;96;94;90;42;55;23;89;7;58
74;88;81;6;71;89;3;87;99;31;83;7;31;33;3;88;59;68;3;57;30;62;89;71
49;98;26;74;51;60;49;86;71;46;82;19;41
4;17;79;82;48;49;27;26;55;48;41;55;44;92;40;46;57;8;66;56;79;41;12;19;61
76;25;90;17;35;64;87;75;46;37;64;43;33;80;18;74;58;10;29;58;53;50;37;94;20
95;33;91;28;89;13;9;17;84;30;27;96;46;59;63;99;57;76;59
62;86;23;15;95;1;23;93;12;69;40;22;94;1;22;37;13;8;72;87
61;12;38;72;56;93;51;63;85;17;11;47;17;53;55;85;34;39
83;57;66;30;3;49;33;73;74;59;59;92;65;11;36;61;72;38;44;68;41;100
